id;method;route;responsepermissions;requestpermissions;createdat;updatedat
1;fresh-thinking Towels;Architect Refined;Forest;bandwidth;2023-03-08T19:12:45;2023-03-09T11:12:49
2;Berkshire;Fully-configurable array Silver;mobile;Granite;2023-03-09T07:44:40;2023-03-09T08:50:52
3;RSS Incredible;Chips deposit morph;Martinique partnerships real-time;Rustic;2023-03-08T21:24:39;2023-03-09T16:56:42
4;Virginia;Berkshire;Response;overriding Albania;2023-03-08T23:41:15;2023-03-09T12:06:35
5;Island Card Avon;Lats navigate;primary Plastic Program;Frozen Director Marks;2023-03-09T17:28:27;2023-03-09T17:06:03
6;program deposit;Arizona Electronics up;withdrawal Hat;Quetzal;2023-03-09T12:55:07;2023-03-09T05:19:13
7;enable Buckinghamshire;Product Oklahoma;monitor;Verde cross-platform;2023-03-08T20:28:03;2023-03-09T10:41:46
8;Ford;Personal dynamic Sports;Shoes program technologies;Bedfordshire;2023-03-09T00:59:30;2023-03-08T22:10:33
9;enhance;interactive Auto Account;Automotive Plastic Table;invoice Buckinghamshire;2023-03-08T20:55:03;2023-03-09T15:46:10
10;heuristic;services Bike Washington;Concrete harness Industrial;Tools Fantastic Borders;2023-03-09T01:41:03;2023-03-09T16:09:10
