id;displayname;jhi_group;system_key;effectivedate;enddate;createdat;updatedat
1;Account;navigate Balboa multi-state;neural Division infomediaries;2023-03-09T17:00:06;2023-03-08T21:28:09;2023-03-09T14:28:17;2023-03-09T02:51:29
2;online olive;Metal;connecting Buckinghamshire Branding;2023-03-09T00:35:10;2023-03-08T21:36:45;2023-03-09T12:33:09;2023-03-09T00:39:50
3;THX;West;web-enabled Marketing;2023-03-09T12:14:20;2023-03-09T15:04:18;2023-03-09T17:31:23;2023-03-08T18:26:53
4;system Bedfordshire;mesh;Incredible plug-and-play;2023-03-09T01:49:35;2023-03-09T06:05:19;2023-03-08T19:50:38;2023-03-09T04:54:45
5;whiteboard;Tokelau;port Soap;2023-03-09T10:52:14;2023-03-09T15:37:15;2023-03-09T04:41:47;2023-03-09T07:09:53
6;Cambridgeshire relationships Direct;Frozen;Connecticut Cotton;2023-03-09T05:26:26;2023-03-09T16:49:37;2023-03-09T07:51:17;2023-03-09T09:35:50
7;Applications Reduced;International;SDD;2023-03-09T12:59:15;2023-03-08T21:44:47;2023-03-09T03:15:37;2023-03-09T08:04:12
8;hacking Points;Wells Avon;User-centric function;2023-03-09T12:08:01;2023-03-09T07:30:28;2023-03-08T22:29:21;2023-03-09T01:13:59
9;Technician AGP;Bike sensor Turkish;Officer;2023-03-09T03:50:54;2023-03-09T05:16:36;2023-03-09T04:41:06;2023-03-09T11:40:23
10;wireless out-of-the-box;Awesome Oregon lime;and connecting;2023-03-08T20:13:39;2023-03-09T07:36:23;2023-03-08T17:50:54;2023-03-09T08:44:28
