id;fullname;relationship;contactno;createdat;updatedat;employee_id
1;Buckinghamshire HDD static;generation Kids Future;Associate;2023-03-09T04:56:51;2023-03-09T06:01:38;1
2;content-based Up-sized;Mouse;Concrete deploy Handcrafted;2023-03-09T00:14:02;2023-03-08T18:30:01;2
3;Concrete;deposit redefine Legacy;background Account wireless;2023-03-09T11:34:30;2023-03-09T03:06:45;3
4;Consultant Creative;architect Sierra;Islands systems;2023-03-09T15:23:46;2023-03-09T11:18:11;4
5;Mongolia Refined;Salad;unleash;2023-03-09T12:28:08;2023-03-09T08:56:04;5
6;Extension 1080p;Meadow;Krone;2023-03-09T09:15:37;2023-03-09T04:58:27;6
7;Cambridgeshire calculating;Awesome Grocery;calculate input;2023-03-08T22:02:00;2023-03-09T01:07:43;7
8;initiative;AGP navigating;intangible;2023-03-09T07:07:50;2023-03-08T21:38:19;8
9;withdrawal Incredible;Dynamic Direct;Cambridgeshire utilize visualize;2023-03-09T16:09:35;2023-03-09T14:04:23;9
10;CSS Massachusetts payment;Finland;Beauty Bacon Sports;2023-03-09T13:13:38;2023-03-08T20:58:52;10
