id;name;description;createdat;updatedat;deletedat
1;Market Plastic real-time;Global Ergonomic 4th;2023-03-09T02:58:01;2023-03-09T01:55:38;2023-03-08T20:32:59
2;Bedfordshire parsing;Fantastic Rubber blue;2023-03-09T16:02:57;2023-03-09T02:10:42;2023-03-09T07:02:52
3;Fall state;uniform withdrawal Analyst;2023-03-09T06:34:20;2023-03-09T09:23:16;2023-03-09T01:51:16
4;focus;Account payment deposit;2023-03-09T02:05:29;2023-03-08T20:03:52;2023-03-08T21:07:17
5;system synergy;Creative deposit Generic;2023-03-09T16:22:55;2023-03-09T10:52:43;2023-03-09T08:18:48
6;Mexico;bleeding-edge;2023-03-09T10:54:08;2023-03-09T12:57:47;2023-03-08T19:38:44
7;Consultant;Lari South;2023-03-09T06:42:28;2023-03-09T13:31:19;2023-03-09T08:22:17
8;Kentucky Card;reintermediate;2023-03-09T00:46:21;2023-03-09T09:49:54;2023-03-09T05:01:57
9;Visionary;Cliffs;2023-03-08T21:23:38;2023-03-09T07:24:53;2023-03-09T16:51:16
10;gold;Fords;2023-03-09T05:35:58;2023-03-08T19:00:42;2023-03-09T03:17:54
